bundle,encoding,n_success,n_records,mean_obs_tokens,success_rate,pareto_status
B_identityCore,F3,98,240,179.66666666666666,0.4083333333333333,FRONTIER
B_identityCore,F0,100,240,225.04166666666666,0.4166666666666667,FRONTIER
B_identityCore,F2,90,240,237.83333333333334,0.375,dominated
B_identityCore,F1,92,240,249.91666666666666,0.38333333333333336,dominated
B_playwrightMCP,F4,113,240,8914.166666666666,0.4708333333333333,FRONTIER
B_noSemantic,F3,98,240,9212.0,0.4083333333333333,dominated
B_noSemantic,F0,87,240,11049.833333333334,0.3625,dominated
B_noSemantic,F2,61,240,11881.166666666666,0.25416666666666665,dominated
B_noSemantic,F1,93,240,11909.791666666666,0.3875,dominated
B_noVolatile,F3,163,240,17887.458333333332,0.6791666666666667,FRONTIER
B_noState,F3,139,240,19609.333333333332,0.5791666666666667,dominated
B_full,F3,138,240,19632.958333333332,0.575,dominated
B_noVolatile,F0,159,240,20510.5,0.6625,dominated
B_noState,F0,136,240,22240.833333333332,0.5666666666666667,dominated
B_full,F0,136,240,22267.875,0.5666666666666667,dominated
B_noVolatile,F2,133,240,25188.875,0.5541666666666667,dominated
B_noVolatile,F1,162,240,25238.125,0.675,dominated
B_noState,F2,114,240,27016.916666666668,0.475,dominated
B_full,F2,113,240,27047.333333333332,0.4708333333333333,dominated
B_noState,F1,140,240,27066.291666666668,0.5833333333333334,dominated
B_full,F1,139,240,27096.708333333332,0.5791666666666667,dominated
